company_id,name
0043813d-b3d0-4ec6-9b08-945841cd5141,President and Fellows of Harvard College
023f36b6-abbb-47f0-b2d3-55ed907227d2,Bendix Commercial Vehicle Systems LLC
0276feee-c989-4a65-998e-7099a0e80785,NSK LTD.
02a49f1d-19ae-4236-8782-2410edb8682c,DONESTA BIOSCIENCE B.V.
02e942f4-5e23-4a94-b07c-708aad6333ff,BISIO PROGETTI S.P.A.
02f21059-f8cc-4f7e-9cee-ecfd35bdb268,Amunix Operating Inc.
030289c2-9373-4c97-a742-40a5de39cbd7,Trans Bio-Diesel Ltd.
03059fc6-184d-46da-bafa-c57c497e7d17,NEXION S.P.A.
0337ccd2-8584-41d2-a789-a31f83a09a57,BRASKEM S.A.
034f491e-99cd-4643-ab06-aee6e4c06b47,"UKIMA CHEMICALS & COLOR MFG. CO., LTD."
0350699e-0a64-42b6-8f35-7b721f8cb4dd,SAUDI ARABIAN OIL COMPANY
036f4a7c-391f-4ba9-b1a0-3e6eff8cbe7b,MAGSEE GMBH
03e1fca1-350a-41b3-8ce6-add7ac02372e,RISO KAGAKU CORPORATION
04a61266-6d17-4d03-9179-b30f925e473d,"Soliton, Inc."
04aa84e6-11ce-4b28-aa13-d6ccb5f25e68,"Millennium Pharmaceuticals, Inc."
04be945a-89ac-41d3-bb00-5c76f005ec16,Aalto University Foundation sr
04eea1ee-4652-4f9e-a96b-dd1976991d93,AXIA ACQUISITION CORPORATION
054151c1-dfc8-4b6a-b559-15e6d667e92b,"ADVANCED HIGH POWER MULTI (ACT/XE) SOURCE ENERGY SCIENCE-TECH CO., LTD."
05f6e24d-a0e1-4255-bb84-4c33da23ddda,"JANSSEN BIOTECH, INC."
05fb44e9-52ed-4e34-8473-d10394362cfc,TaeguTec Ltd.
06feda91-b317-4433-b6ec-bc9852149c1b,UTEC Geomarine Limited
07e52f37-e09e-4e0f-a129-265b32c7eba2,XI'AN TGOOD INTELLIGENT CHARGING TECHNOLOGY CO. LTD
093f35cb-2361-4acc-a8e4-a1b40112a5d1,"Tech Services Group, LLC"
0a2ca7a5-d6b5-4061-bfc1-6c70bae2aaf6,"Wuhan China Star Optoelectronics Technology Co., Ltd."
0ae2b86d-756f-4802-b90e-468c0c68d012,"KAKEN PHARMACEUTICAL CO., LTD."
0b3e2604-cb45-4056-9f33-00c6ed2fb197,Academia Sinica
0b6359d0-1aaf-4f40-99f1-b8ebcccd5dd7,"MITSUBISHI GAS CHEMICAL COMPANY, INC."
0bc189af-3eb0-4f95-9c77-b230b103c2cb,PANASONIC HOLDINGS CORPORATION
0bed6263-59b4-4070-9d43-3927311dd9e2,KHS GmbH
0c160b17-3bc0-4935-9b42-d7efae1f7a94,Janssen Pharmaceutica NV
0c366465-e38a-4f8c-9292-e33ea65142e2,MANDOM CORPORATION
0cce7bd8-2978-4a18-b5aa-b0421f6c306e,"BANDO CHEMICAL INDUSTRIES, LTD."
0cf48b4e-7fb2-4718-bc4b-f9316db9d8bd,"Transitions Optical, Ltd."
0d463191-c5a9-497d-8037-4d6a85a6c5b2,NOVARTIS AG
0e636125-e3dd-40d4-abf3-995b0d384c7b,Asahi Kasei Pharma Corporation
0ed3b5da-e166-4ce8-bb57-768914cc7e2e,"Halliburton Energy Services, Inc."
0ed7db0d-4cee-441e-aaa2-4452443ac0e4,SRI INTERNATIONAL
0f0460d2-6101-436e-a167-db4bb76a6f9b,"JILIN ASYMCHEM LABORATORIES CO., LTD."
0f76066f-653e-4489-a56a-99c90bfffed4,"National Technology & Engineering Solutions of Sandia, LLC"
0f78f41b-4cd8-40fe-9bc2-4b602173c4a2,ASAHI KASEI CHEMICALS CORPORATION
0fd155d5-bf2b-4e3e-b8c1-3c64e5535bd6,JACRET
107b2e7c-f2e6-4bae-b321-be71f128ada7,"IXYS, LLC"
108df34e-1b79-4d31-b811-4508bd33dfb7,"MUPACK OZAKI CO., LTD."
1270932f-599c-4d29-b65d-3b8fa7e7f0f5,"CHO PHARMA, INC."
135778b4-1533-474d-adb6-e1bd09ee42ee,SHIKOKU CHEMICALS CORPORATION
13a2da2e-018f-4663-88ac-eabcea75cef4,Hilti Aktiengesellschaft
147a8be4-b9a1-4d03-8101-cafbc36d5422,"SEATTLE GENETICS, INC."
1481abde-b340-42ae-9b11-c1e4b18f5a9c,EXEL INDUSTRIES
15396827-1340-4368-866f-bf9007f43098,Kyocera Document Solutions Inc.
1548fb30-bae7-4aba-80da-e3dcf01b390b,Brother Kogyo Kabushiki Kaisha
15dab51e-5b68-4017-be03-a990ed1b392a,"OTSUKA PHARMACEUTICAL CO., LTD."
1647337d-4cd1-4e91-9167-aea8ba78dee6,KUBOTA CORPORATION
16e09015-6f15-48e8-833c-0147a774438a,GEORGIA TECH RESEARCH CORPORATION
16f24e7b-4b22-4101-a205-9c1f259c4511,Ocado Innovation Limited
180b548e-0a57-40e6-8834-56b994322645,NATIONAL CHUNG HSING UNIVERSITY
184fc64b-aaf5-44a7-b2bd-dfec4e6d7db5,"Ecowell, LLC"
187558cf-924c-4d78-a3c6-6143c2e8023d,M-I L.L.C.
18d5918a-cce2-4d6b-89cb-6832770f6b13,"HOIST ALL, INC."
1918bc79-3bf3-4be6-8ea5-c5438e714ae2,Infineon Technologies AG
191ae722-cdec-4e8f-86f4-55678ceaff11,JOYSON SAFETY SYSTEMS ACQUISITION LLC
1a7ba982-b7ee-471c-813a-457839a13730,ARKEMA FRANCE
1ab4b01a-7ca9-400d-b983-7f62ba47ad01,GLADIUS PHARMACEUTICALS CORPORATION
1b078ccb-5c57-498a-ab56-5f05a970d760,THE TRUSTEES OF COLUMBIA UNIVERSITY IN THE CITY OF NEW YORK
1b130916-6319-4d8b-808b-638f6845fe01,"Achillion Pharmaceuticals, Inc."
1b606c63-f004-4846-8e11-d819cee5029a,Dow Global Technologies LLC
1b7a8875-bb61-42f1-ac2b-55f006bc2f31,THE TRUSTEES OF DARTMOUTH COLLEGE
1b7df2b5-6ba8-45e7-978f-a91d69bf49be,HONEYWELL INTERNATIONAL INC.
1c61d0a1-2219-4521-8f7c-e7ebf38a684b,"CAREGEN CO., LTD."
1c631b96-8301-4819-bd8c-2e69e2ef6c76,Robert Bosch GmbH
1d02968d-fe07-4a71-8252-5b0be2f62160,SCHULER PRESSEN GMBH
1d443c32-beaa-448d-b67c-2e60c804fd0a,DENSO CORPORATION
1d4634f9-8337-450e-9474-b9f534aa8219,"Quality Pure Co., Ltd."
1d86631c-e613-463d-8b25-9c1255e49c45,KING FAHD UNIVERSITY OF PETROLEUM AND MINERALS
1e2866af-069c-4a1d-9848-19755c7fe2e1,Syngenta Participations AG
1eb4a43d-8330-47b5-ae3e-322d9db88d80,"YOUNG LIVING ESSENTIAL OILS, LC"
1efcb51a-cb47-4a4b-b8ab-1747fac7880e,"Beth Israel Deaconess Medical Center, Inc."
1f71083f-02c9-493f-87a4-7055c100731f,"H. LEE MOFFITT CANCER CENTER AND RESEARCH INSTITUTE, INC."
1f99e6e5-1de9-49ae-b056-ddd9612c0747,Tenneco Automotive Operating Company LLC
20913463-3818-4a6f-a0cc-13b1f521e112,LIGHT WAVE TECHNOLOGY INC.
20b2503c-621c-4bd8-9273-400eb5b60e38,SAFRAN ELECTRONICS & DEFENSE
20ffa411-3945-4751-bcd9-8fcbaa20c810,"ROHR, INC."
214454ae-6fee-4dcd-9045-cfdaebfac510,"Lubrizol Advanced Materials, Inc."
2177dec3-5ecf-445e-afaf-9250b3936aae,"Agios Pharmaceuticals, Inc."
222264bc-5220-40eb-8a6e-a2d1088af14f,SHIMANO INC.
228e3d0e-4417-4f1a-95f4-7032ca4979cb,ZF Friedrichshafen AG
2349fcc3-744a-4a87-8e00-9bb4802b6bde,GreenMantra Recycling Technologies Ltd.
23c78aca-f76f-47dc-b02a-427fb8adb6be,ALPI S.P.A.
24135334-fe03-4808-b87a-a5ded4d2f7ce,UNIVERSITE DE PARIS DESCARTES
246ab72d-6aae-4951-88f0-6d3f5a61466c,Arizona Board of Regents on Behalf of the University of Arizona
24770c94-7830-432d-94ef-bfa28775b740,Immatics Biotechnology GmbH
24c01261-a6a2-4746-af0f-66a92be76b2f,Joseph Voegele AG
2548e5bc-8e5a-4659-a9ea-75a8da84843c,Linde GmbH
2576d873-c6b3-4109-948d-cc582495abb4,"Hand Held Products, Inc."
25a3778b-47e4-402e-b188-d941c7e3c397,The Board of Trustees of the University of Illinois
25e8e382-c770-4ac3-9390-bb48ae0cc84c,"Flotek Chemistry, LLC"
26413b1f-e08f-4576-a5ce-5c2d37650c9e,Owens-Brockway Glass Container Inc.
26660a93-f557-464d-a14f-35dfb41cad86,SAFRAN LANDING SYSTEMS
2666ac0d-d5ad-4346-97de-acec7e230a94,KSM Castings Group GmbH
26bf7fa7-3704-4263-b7d8-33206935e460,AZ Electronic Materials (Luxembourg) S.A.R.L.
26d14adb-bc28-44da-a695-0f5d155de867,"OPKO Health, Inc."
281349cc-c2ed-4d43-8b24-0c15275d37d8,CERTOPLAST TECHNISCHE KLEBEBAENDER GMBH
282b49fb-2e0e-48b4-896a-db3cdf066ab6,EAST CHINA UNIVERSITY OF SCIENCE AND TECHNOLOGY
2893052b-d06d-43fd-8718-414fd0b190b0,THYSSENKRUPP PRESTA AG
28f7bd36-5469-43fe-b4e1-539d97102a02,GE HEALTHCARE LIMITED
2994b4fb-3c48-4a0f-88b7-08fdfcd4739a,"Hyundai Mobis Co., Ltd."
29952cab-11e9-412f-bca5-735599328a40,SOOCHOW UNIVERSITY
29e8ca83-20e6-45ff-96e7-f4d9bd893607,BHS CORRUGATED MASCHINEN- UND ANLAGENBAU GMBH
2a0e2048-3b1c-414b-8f1e-82d7c22bf3cc,"JAC PRODUCTS, INC."
2a1f7c66-5af2-48ad-b98b-099bd1e78f7c,LABORATORIES LETI S.L.
2a4051c0-c1ef-4941-8d7b-8e685e02acb9,"Anellotech, Inc."
2a5fd84a-89e0-4962-aa61-a5bcbaee0a82,"HITACHI CHEMICAL COMPANY, LTD."
2aa10b23-82f9-4c7a-bdf3-ad650ab22219,THE REGENTS OF THE UNIVERSITY OF MICHIGAN
2ac33ec4-c101-4e73-b369-d7c5ed681514,Pilkington Group Limited
2bf3c48c-7d35-44c7-90a2-1cbc3a51d35b,"AUTONETWORKS TECHNOLOGIES, LTD."
2c48569d-7d8e-4c0a-9921-7c1b9c2003b5,TRW Polska SP.ZO.O
2d115ccc-959c-4bf3-b520-9c3237a15f77,"The Florida State University Research Foundation, Inc."
2d523d75-71da-4e61-bb37-8fe3a9129e23,The Jackson Laboratory
2d98cfae-83e2-4f9f-b7c4-92b52fab8e9b,Dexerials Corporation
2ebba3c5-ebc0-4f3b-b91b-262d86c832e1,BRISTOL-MYERS SQUIBB COMPANY
2ec64109-bf39-4cbf-9442-3b422c227975,Airbus SAS
2f28e7d2-8060-422e-80ba-f1f2ccd96252,Videojet Technologies Inc.
3006c550-af04-49a6-be94-e08c33fee287,Joy Global Underground Mining LLC
30211f56-d5f7-4eea-927e-1ae960f29170,"METAWATER Co., Ltd."
31329700-d88c-44c1-af1a-a2c25b7bafc6,"Salzman Group, Inc."
3229dd75-9405-4047-afee-965c3bf05ce0,"Liberty PlugIns, Inc."
32674601-41b5-4888-9d23-0d71b6d44670,"KUMIAI CHEMICAL INDUSTRY CO., LTD."
328434ce-a701-4c29-8aef-e9a7d3722319,"MURATA MANUFACTURING CO., LTD."
32af5781-1f17-4d64-9a62-521c1f397b70,Korea Institute of Science and Technology
32e04930-7fff-4c0c-a861-989689853f13,TOYOTA SHATAI KABUSHIKI KAISHA
330d568d-67ba-430a-9963-ce0c31ef37e2,DOW AGROSCIENCES LLC
3344a94c-ed9c-4eef-bed6-4db204c76ba8,NIPPON YUSEN KABUSHIKI KAISHA
3460c230-9de9-4732-95e6-61200ea9ba56,IsraZion Ltd.
34a5190f-4937-487a-a583-90a10b0e9009,KABUSHIKI KAISHA PILOT CORPORATION
3540c8a2-9758-4484-b21a-1fb0a0d19963,"KOITO MANUFACTURING CO., LTD."
35480b43-47f5-4c66-b16b-64e441db4ce0,NATIONAL INSTITUTE OF ADVANCED INDUSTRIAL SCIENCE AND TECHNOLOGY
35717acb-7566-431d-a76b-6becdd7fb368,ALBIREO AB
35cbff16-2d8e-49b7-be85-60051ad41f95,DNA GENOTEK INC.
3603bc38-d35d-413a-b99d-007cfa49831b,JAPAN CLIMATE SYSTEMS CORPORATION
362446db-3f2c-46f3-866e-5fa0c12a1319,Teknor Apex Company
374174a9-6936-40a0-a7d5-a7b96f3460e4,PAION UK LIMITED
37c1ed9d-4dde-4045-8eab-583a112fcfbb,"TOYODA GOSEI CO., LTD."
3837e75e-6c83-4c40-b1a9-8f9791f60e8d,Gestamp Hardtech AB
38cff6e0-fc52-4faf-9fa9-b72912600dee,Apple Inc.
38ddd946-e963-4bd6-8dc8-43196f4af009,"BASF Auxiliary Chemcials Co., Ltd."
391165c9-dd71-4a3b-a0a8-ead9a8ff2fdd,NIPPON STEEL & SUMITOMO METAL CORPORATION
3a2229ae-4b9d-4dda-b023-8dda6d0a5bb7,"LOS ALAMOS NATIONAL SECURITY, LLC"
3aaf6030-c6b3-47f3-8c64-83eef1fb2812,Pioneer Energy
3aee6da5-d0fc-4ad5-9310-091125eef3f1,NANJING UNIVERSITY ECOLOGICAL RESEARCH INSTITUTE OF CHANGSHU
3bfeb832-4c94-42b8-90e0-bcfb56eb7bc4,SIDEL SPA
3c2ccbb6-2205-4442-8987-441d85f71d67,NORTHROP GRUMMAN LITEF GMBH
3ca688ad-503b-4ac0-ad16-94db35c6253e,CHUGAI SEIYAKU KABUSHIKI KAISHA
3ce3b54a-bdbd-4b73-ac55-cbabc845e9b4,Trent University
3d3e5d35-7538-4a92-9a4b-79abd0d5b03f,Laminar Medica Limited
3dd38c18-3556-43ef-8bc3-188ff2afae8e,"PLANT PV, Inc."
3ddb14ba-a3c2-40bf-b430-8c39047a7205,Kia Motors Corporation
3ddfdd14-3667-454b-aef3-b8e2601d668b,KAHR Medical Ltd.
3e0096da-2977-47b6-94dc-61934bae1454,"Evolva, Inc."
3e12a65b-6581-4c1b-be54-ea9bbca3b551,Borealis AG
3ea2dc97-f5aa-4931-a0d1-73f5370f56ce,SUBARU CORPORATION
3f2e8d11-c60e-4ba2-8202-f27731d63cb9,"Pierce Biotechnology, Inc."
3f3ca576-89e3-4667-b0e7-0d3978b40687,The Florida International University Board of Trustees
3f883863-0fe5-4718-9a66-0497c0e69d41,"Selig Sealing Products, Inc."
3f926e2c-f613-4332-8c6d-b0485cd49886,ARLANXEO SINGAPORE PTE. LTD.
3fc185a1-f6a4-495d-90c1-7e61edd027f7,Stant USA Corp.
4063e1f8-22c6-44ca-96ce-67a6f439a148,TRW AUTOMOTIVE GMBH
40ccbc9c-d0c5-40ab-83b6-5cab71ecbe95,FUNDACIÓN SALES
40f7bea0-f776-45ca-819d-da1b334c84f3,Macton Corporation
411734f0-1260-4d61-8080-c08ad6f2e7e3,BPB Limited
416cb9d9-6ac0-4156-8441-bbc5f9c00c64,FUJITSU COMPONENT LIMITED
41a2bf1a-8afe-4b78-a2c7-040ac6a9987a,"GRUPO PETROTEMEX, S.A. DE C.V."
41c3267b-83f3-4289-b411-e75085a6e236,Case Western Reserve University
4291f292-35e3-425b-b78e-2b3e17385fdb,Birdon (UK) Limited
42aa3260-365e-4cd2-ac81-60d2dd8b39bf,"TOYO TIRE & RUBBER CO., LTD."
42bdb45f-59a2-4258-976a-65174c055a91,"XYLECO, INC."
43e492ba-5319-4f2e-a65f-5598e4d611c5,Proteus
447f7b79-7f6c-471c-af5b-97ff5312bb55,University of Vienna
4534cf12-5295-41d5-9fec-f8b78a2a1087,Duquesne University of the Holy Spirit
460e5eaf-db8a-422b-bfe3-f51dbc1f1670,"Owens Corning Intellectual Capital, LLC"
4615cd2c-09a7-480d-a7a2-25201de63895,"SAINT-GOBAIN CERAMICS & PLASTICS, INC."
4691872b-68a6-4a4f-b9a9-95c5df540cf2,"ELECTRONICS FOR IMAGING, INC."
46a62846-d998-4852-a31f-5e865ef5fa36,"Hadal, Inc."
46ce8539-7b8f-4304-a07e-bbb94bdb821a,SABIC GLOBAL TECHNOLOGIES B.V.
474546be-edc6-4224-b3ab-8d2a3d295fb6,Ramot at Tel-Aviv University Ltd.
4779aa3b-357b-4969-8bde-d1227060304a,MAHLE FILTER SYSTEMS JAPAN CORPORATION
47b2aabd-0c46-41f8-a686-945e6fbb7d08,"KURARAY CO., LTD."
4840cedc-7dcd-4aa9-9d62-ee877f7ef128,Xerox Corporation
486914ea-74ad-4f84-afad-74f5cdf28b4a,Osaka University
48cfd410-c389-42eb-adc8-8e9b429b7f1c,"CELL SIGNALING TECHNOLOGY, INC."
491ed4e9-453a-47a1-99c1-281da294ad84,RENAULT S.A.S.
4950d9b8-ae3e-453c-9fe8-e241b99ec1e2,"ELITE MATERIAL CO., LTD."
49857f13-eee6-439a-93a3-c8542d2f4f97,Senvion GmbH
4b3d77c4-e206-445c-a007-3dbb36ea4787,VERSITECH LIMITED
4b7da54c-b5b5-4ca2-b65f-7942fdd905a5,BOKASHICYCLE NVC LLC
4b8f021f-e3f1-4159-8372-29e1e3573a1e,KRONES AG
4bfd9d83-10ab-4b46-b0b3-cb7f0ed81393,POLYPHOR AG
4dbf79c6-cbb3-4fbb-a603-01e6cadac73f,"Dai Nippon Printing Co., Ltd."
4e13ad56-505e-4ed9-8e8d-d9593c9ccf73,ZYMOGENETICS INC.
4e61fd34-7bff-47a0-a2e1-edb2b7b4826b,PURDUE RESEARCH FOUNDATION
4ece8167-3ed4-486b-8400-ca5941df86dd,NOVA Chemicals (International) S.A.
4f87fefb-2763-4236-ab35-57bee381a0fd,SHELL OIL COMPANY
4f9b80c7-483b-4f62-aa60-270ffcaa94aa,"SUMITOMO CHEMICAL COMPANY, LIMITED"
503c6719-6f12-40b8-825b-d2a33b369db2,CHINA UNIVERSITY OF PETROLEUM-BEIJING
5085d286-8417-45a6-82c8-68bdf751514d,Covestro LLC
5122be92-08e4-4624-a04f-18a5ef263ba7,Momentive Performance Materials Inc.
5211a637-a7c4-4080-9d63-e1e7fd8306aa,AIRBUS (BEIJING) ENGINEERING CENTRE COMPANY LIMITED
524a078f-e500-4085-ab09-6d82ec85b864,YAMAHA HATSUDOKI KABUSHIKI KAISHA
529aba7a-51fb-4169-89bf-a47183bc52da,"Adverum Biotechnologies, Inc."
533e0469-baac-46b7-9576-669db08092eb,"SAMSUNG DISPLAY CO., LTD."
53ec5711-d131-4eae-96d6-a4f734cd597f,RESPIVERT LTD.
53f7ddde-2413-4266-9c14-7a0424206362,"Boreal Genomics, Inc."
5425d74b-0e26-4496-9dd4-669ba665d248,"Surpass Industry Co., Ltd."
54991813-eacc-485c-846e-0d97352c62ca,Northwestern University
54dc0321-67ad-414e-a2ce-b5f5676e22e0,KITE GEN RESEARCH S.R.L.
54f53184-4234-42ab-9de6-1966314c0b7c,UNIBIND LIMITED
55054898-6f4b-4846-95d5-6435aece606f,IFP Energies nouvelles
5528e5b8-525d-4777-ab7d-d9f5880f6e52,NATIONAL CHENG KUNG UNIVERSITY
559a46d3-95cf-4fb9-9398-c3200f25ba9b,Frugalpac Limited
565a44f1-a969-484b-8e86-0f4239f2f847,"MINATO SEIKI IRON WORKS CO., LTD."
569c1c30-d293-4e62-982e-7d90d55b7bda,International Flavors & Fragrances Inc.
56d31b59-a481-484b-aa34-04f67a96f3f5,"Mycovia Pharmaceuticals, Inc."
56e10b26-c03b-4492-893c-975d51dda8b7,Global Filtration Systems
57c5b228-2d9b-4f65-904b-26424a4558a9,GE HEALTHCARE AS
5a732922-375c-4e14-9a9b-91a5864fba6d,INIS BIOTECH LLC
5ae231ff-c153-4410-aaf4-2f3d9c87a2a6,ICESUN VACUUM GLASS LTD.
5b0b2179-927c-48dd-a8ee-211adb1d7e7a,"RICOH COMPANY, LTD."
5b722cc6-9d8f-46bd-83cb-7838a17e5201,"KOLON INDUSTRIES, INC."
5b9d262a-fd2c-4db6-a62d-96750ac9c9f7,CONTINENTAL AUTOMOTIVE GMBH
5bc880cc-b613-492d-9697-5dfbe999254a,"FORMA Therapeutics, Inc."
5c3ff3de-94d2-463e-afbc-3386f8e19ce8,UNIVERSITY OF WATERLOO
5d4f358a-1d7b-49f2-b132-6bb9c2cfd725,Tokyo Electron Limited
5e7e9fff-05ba-4428-83ce-942d092a6787,"DAINICHISEIKA COLOR & CHEMICALS MFG CO., LTD."
5ed35e81-c079-4e8d-81c8-66eb133562c3,Merck Sharp & Dohme LLC
5f0411fc-bc87-4afe-825f-d5d97570daec,IMMUNICUM AB
5f1d75df-6c8c-4a29-b9d9-890b44d7ec49,Wintershall Holding GmbH
5f83d790-2a6a-421e-8d6c-6da6e6869187,Milwaukee Electric Tool Corporation
5f8b77e1-5974-453f-81be-f4a477a8495e,Indivior UK Limited
5f91f492-1976-4ca8-81b1-044d8485c1b3,BRIDGESTONE CORPORATION
602124ed-f6fe-4577-9d55-4473302205cb,"Parric Ningbo Stationary and Gifts Mfg. Co., Ltd."
605c514d-5acc-4c4e-9bd1-69d8b96eaee4,Rehrig Pacific Company
60d35f61-e620-42d9-85f0-e6b930411b2b,OCÉ-TECHNOLOGIES B.V.
6145eccf-2944-4bfc-8a82-e87bfce4d434,"PANASONIC INTELLECTUAL PROPERTY MANAGEMENT CO., LTD."
617e992f-7dab-4bde-81d6-ceb6a26e804d,"SANYO CHEMICAL INDUSTRIES, LTD."
61d83c1e-07f8-4d40-a75a-1d46886685e0,"TOYO INK SC HOLDINGS CO., LTD."
625e454f-d5ae-47e7-8309-6e2f4e2b19d6,Benitec Biopharma Limited
62da1b57-3b57-4131-9a22-c4e02485bc35,Duke University
62e9f5ad-a914-451e-b056-8de4e9d3f8b7,AIRBUS HELICOPTERS
63b72bac-74a0-452f-b38d-ef13875ae4ea,Baumhueter Extrusion Gmbh
64c7501b-59d8-4b14-893b-3c51d3000e6d,"Genomatica, Inc."
64d6ca58-c72c-472b-9e47-a55973dfe7ca,Refractory Intellectual Property GmbH & Co. KG
64dc9ab0-635f-4f31-a14e-cae82ac08d5f,Siemens Healthcare Diagnostics Inc.
64ebeaa1-5bc0-42e3-9d9a-65523d9678e5,GREEN BIOLOGICS LIMITED
650b8363-8f47-4234-9d69-b9fbdfb75736,Ospedale San Raffaele S.R.L.
65201550-2431-487e-9211-a0ed5fe16631,"NISSAN CHEMICAL INDUSTRIES, LTD."
65856b14-a97a-4c1e-bf85-4097056f3c1a,"EXTREME PACKAGING MACHINERY, INC."
65aa142b-2a7a-4079-aae5-f99079ca9fa0,"Alex Toys, LLC"
65d93b64-cd51-4b38-8e27-44220f3a333c,WONDERLAND SWITZERLAND AG
664e76f8-53d5-4f1f-99c0-4d3835317eb6,"Atea Pharmaceuticals, Inc."
66c4c20e-39aa-4e63-bfaa-0079f2b836b5,Valeo Vision
6710c4d3-5aad-4b5f-9212-a75e9718009d,GLYKOS FINLAND OY
67927c92-2fb0-4910-8040-5fcdf6334aea,KAWASAKI JUKOGYO KABUSHIKI KAISHA
681bb272-dacd-4789-b8d1-1c43e9ed8fbf,3M INNOVATIVE PROPERTIES COMPANY
69de46fa-f86d-453b-bdef-daf2fceed21f,National Health Research Institutes
6a4ebb68-a826-4d8a-9556-89bb79827c29,CELLECTIS
6a78a37f-23b8-469a-b1d6-698af50f766d,COMPAGNIE GENERALE DES ETABLISSEMENTS MICHELIN
6a83f076-7e5d-4134-a899-95970c847778,Blueprint Medicines Corporation
6aa04bed-c285-4d3f-81b9-052ec1e399ce,DNAe Group Holdings Limited
6b012dff-9445-4ee7-bc2f-51f1131545dd,UNIVERSITÉ CATHOLIQUE DE LOUVAIN
6ba691cc-cff4-4e01-80fb-9dc325558522,
6be695ff-f0db-448c-a2d3-042ab3283b97,"Worldwide Machining & Welding, Inc."
6bfaad21-3fe9-4076-beb2-c810d21bee84,"Alert Innovation, Inc."
6ca11cca-066f-4f69-990a-dafa1665ef9d,ECOLAB USA INC.
6cccfcb4-1761-4afb-bd37-def24a3d1228,Industrial Technology Research Institute
6ce04dde-f383-4923-8798-780d1a608ed6,THE REGENTS OF THE UNIVERSITY OF CALIFORNIA
6d57574a-aff9-4375-8781-79bd87aa1d06,The General Hospital Corporation
7066f6bf-2506-4648-91e8-4ccb7e98d80d,"TIANJIN ASYMCHEM PHARMACEUTICALS CO., LTD."
710b4e0c-73ab-4c3e-a4d7-634e18a3041c,MECAER AVIATION GROUP S.P.A.
712e9af8-13e3-4b25-9e1d-803b45cd8f81,Dyomics GmbH
72acc50f-79a9-4681-9edd-d2163febe47c,Incyte Corporation
72ea371c-6a23-496e-b1fc-cd9397a0cfe7,"Sirna Therapeutics, Inc."
735c04b8-c899-4bd5-ab68-049cedd2bdb4,"FLOORING INDUSTIES LIMITED, SARL"
739b2596-cdf8-411e-a922-bd8781f55373,THE BOARD OF REGENTS OF THE UNIVERSITY OF OKLAHOMA
741cd94c-f327-43e1-96bc-a576e560b921,eFFECTOR Therapeutics Inc.
74c11be2-20ec-49fe-ac26-d839d375bd32,MITSUBISHI ELECTRIC CORPORATION
7540ab46-c5b6-49ce-acae-6418bce31b64,ROBINSON BROTHERS LIMITED
754f7b41-7838-44a2-8142-f6f4f59425cb,NORTH ZION MANAGEMENT LLC
761899f6-0ac9-4937-8574-812df5d3ab00,BYD COMPANY LIMITED
76b79e1b-95a7-4b16-b2a4-e6c64a1c334b,Senior IP GmbH
76bfedeb-c249-4c5a-9fb1-87c5a5ae43a0,Monsanto Technology LLC
77b0e539-7552-487c-8171-df9127f7fa66,"SUMITOMO ELECTRIC INDUSTRIES, LTD."
78af88b3-f07b-44af-aa34-73ef0c20e87f,"FAGOR ARRASATE, S.COOP."
79b7e1b7-26f6-4881-bffc-f8ab73102a2c,"B/E AEROSPACE, INC."
79e4fd67-e4fe-4c76-b62d-9a360beeceb1,Hanon Systems
7a24f2b0-df54-4331-8bf3-41ae6b783f77,Covestro Deutschland AG
7a2a9b74-f001-4054-b105-83b7c9d1f62d,"PEMCO, INC."
7abcc22b-1633-49ae-a452-167e99701da1,TOSHIBA TEC KABUSHIKI KAISHA
7aebffc8-c7f6-4d0d-b661-a27983a7f654,Janssen Sciences Ireland UC
7b1383b0-7643-4186-9c9a-c4d9f9e8156f,ZUBEX INDUSTRIAL SA DE CV
7b3a3311-a503-4c38-8523-4041dc0bbe29,ALLNEX BELGIUM S.A.
7b53cfb1-d127-4486-b74b-c70f1fb5b792,THE PENN STATE RESEARCH FOUNDATION
7badc510-3cb4-45b6-acc4-6ac40a9bc036,"McKenzie Sports Products, LLC"
7c01c518-472b-465d-9936-cac4714b2ef8,HYDAC TECHNOLOGY GMBH
7c197b5c-035f-42b2-a95c-e63c364786e8,LUDWIG INSTITUTE FOR CANCER RESEARCH LTD.
7cac4f5f-80c1-4f7f-b74e-17aa91e4ad03,"C&D ZODIAC, INC."
7ce7ea73-e331-4611-beee-518b556bda98,"TOYO INK CO., LTD."
7d46dab2-c28d-4974-9e52-c7fa2ae3ac16,CENTRE NATIONAL DE LA RECHERCHE SCIENTIFIQUE
7d50b3f9-b0c8-4ed6-8cc8-39a7066a0900,Cepheid
7d5947ad-5e45-497a-9c0f-ad44e5d2861e,ELTA SYSTEMS LTD.
7e0091d0-3a24-43b4-b250-f7a0049ecb80,X Development LLC
7e4a8819-619c-4224-b780-01611cf4ae18,Beringer Aero
7fa36de2-2f4b-4708-9b7e-cb2f05de7f85,"SUMITOMO RUBBER INDUSTRIES, LTD."
7fbc4fa8-159b-4592-9e69-f7ec996b89eb,"BARTON GROUP, INC."
7fbe2d79-2341-4308-a0f0-0d738078b84e,HENKEL IP & HOLDING GMBH
7fce9e9e-dff7-4d40-9f87-35d29249359a,Altria Client Services LLC
7fd570bb-8d88-4ad9-832b-532add7b7500,"HONDA MOTOR CO., LTD."
7ff46aad-920a-4a06-97cb-791a4cd70773,SAUDI BASIC INDUSTRIES CORPORATION
808e12ad-6f91-48f0-87e0-c3b595514af8,
80cfee41-71d4-4cda-8abb-4075fd768b44,OTIS ELEVATOR COMPANY
8120eeec-8a92-4590-95af-4cb6f59aee0f,Yahoo Japan Corporation
813be558-003d-4978-8ae3-d4b7f46218fd,UNIVERSITÉ DE NANTES
81b60343-1089-453f-a31f-e28c6ff26471,"CoorsTek, Inc."
8210278c-33be-4cd6-b948-9e8c205381a4,LANXESS Deutchland GmbH
8221f7eb-ecf0-4dde-97e8-36912378bc43,"Advanced Sonic Alert Technologies, LLC"
82e98e34-7196-4412-be68-1b61b1085daa,"MEIJI SEIKA PHARMA CO., LTD."
83721e38-b6c1-4335-9def-2b387407a5ea,"Plastek Industries, Inc."
846ef848-d2a5-4f29-a152-0b79330db52a,Centro de Inmunología Molecular
8594bcb1-45a8-4fb0-9491-81e88f7a478e,AIRBUS DS GMBH
86c2526f-d40c-40fc-950a-0c3c2b2fa7ab,OGD2 PHARMA
871114e5-4449-4086-9a7a-1b9bf3e0f21c,"BRIGHAMFLOATS, LLC"
877b4262-7552-45e3-adc3-c484b3095cf3,SEIKO EPSON CORPORATION
87a5b154-2721-40d4-ba53-0213a74e9b2d,"DENSO International America, Inc."
87bbd77e-54e0-4d95-9c1b-7843963c09eb,TOYOTA JIDOSHA KABUSHIKI KAISHA
88c962da-6df3-4f86-85ba-14c24c3cb600,"Taiwan Semiconductor Manufacturing Company, Ltd."
895aa595-0bdd-4437-91d0-a35695d4a7c0,Dr. Falk Pharma GmbH
8981c35c-06bf-45ac-944d-c5c9cad7a904,RESEARCH & BUSINESS FOUNDATION SUNGKYUNKWAN UNIVERSITY
898a3069-7836-4817-b078-0a270550711b,EXXONMOBIL RESEARCH AND ENGINEERING COMPANY
89a8ed8d-dcaa-46eb-93fd-e8b6fed97f68,Steering Solutions IP Holding Corporation
8a03b7d9-0444-4dfc-9737-bf029c47a462,"FORD GLOBAL TECHNOLOGIES, LLC"
8a438460-04ed-45b1-a90e-556928dbc9fe,U.S. Department of Health and Human Services
8aab048f-9515-4287-8343-b7fd26758cf5,ExxonMobil Chemical Patents Inc.
8b4c15c0-5206-44a3-ac8d-81f7824bf06a,Flex-N-Gate
8b8145db-7813-4fb1-9348-fadc8dc80042,DSM IP Assets B.V.
8bf34cb9-024e-465b-8b08-bd89d90682ad,Röchling Automotive SE & Co. KG
8c40b2c4-17fd-462d-970e-4b8004ed1372,"SAMSUNG SDS CO., LTD."
8cc2701d-1308-41bb-89f3-d80d97cf4321,"Viela Bio, Inc."
8cf3d407-6832-47ac-ba09-a60b01f69833,Instituto Nacional de Tecnologia Agropecuaria
8d178ce8-7789-4009-ad3a-6e1578cf8337,COATEX
8e14c487-822f-4f93-bac6-17da47259f40,"The United States of America, as represented by the Secretary of Agriculture"
8eb00c93-9cd7-4da7-9dae-7fa84fbbd6f0,"Bemis Associates, Inc."
8eb65550-bcf9-4add-ad22-6768447b7095,Beijing SH Bio-Tech Corporation
8f4094b7-206a-49cc-bada-d91974888071,The Procter & Gamble Company
8fc2f2c2-3db9-40e7-a7b2-41b0c57c5207,THERAPIX BIOSCIENCES LTD.
8ff0736b-4451-4b45-a26a-9edf0d6c7638,Takeda Pharmaceutical Company Limited
908f1b87-7dbd-48f6-b2a3-081404a542aa,Genmab A/S
91896e66-dfbb-4c89-8418-a0d710026e1c,HARRIS CORPORATION
92715d35-ccf8-4e8e-899d-f21db7e59a99,Fluor Technologies Corporation
9272127a-3c65-452a-8d24-41e21997235d,Technische Universitaet Dresden
93171645-3a55-48c7-b2d0-9e5c1d3a1a74,"FUJI KIKO CO., LTD."
94322301-cd60-49cb-85db-fd6c00b43412,NATIONAL INSTITUTE OF AGROBIOLOGICAL SCIENCES
944a976a-f9ab-48e9-9de4-d8b01a0189de,THE RESEARCH INSTITUTE AT NATIONWIDE CHILDREN'S HOSPITAL
95440980-f246-43e8-ba3c-c96311630193,XITEBIO TECHNOLOGIES INC.
95838abe-68dc-4b13-aada-c72b2ad13949,Cardinal CG Company
95c17e69-7d40-4b70-a679-7aabf5072379,INSTITUTO MEXICANO DEL PETRÓLEO
969ad733-4b23-4eb4-b148-3bb95ce1ca51,UNIVERSAL DISPLAY CORPORATION
96b3a56a-e999-4c36-8416-3937d7a3c958,ZYMEWORKS INC.
9711eee5-6945-4a40-9716-6deced1f2bc6,University Health Network
977b2c67-8209-4c56-b2b6-7d6b425523e0,"FIVES MACHINING SYSTEMS, INC."
97ed5df6-7345-49c0-b1b8-42a1ec75baf1,Waymo LLC
97fe15c7-7a44-42f5-a7c3-3779aed26e91,NETZCH-Feinmahltechnik GmbH
98baaf51-8817-4f80-b08e-a7ecd8e27ae5,Qlight Nanotech Ltd.
99928270-7dc0-4b85-b68d-bbe3c7d87620,"GAMESA INNOVATION & TECHNOLOGY, S. L."
99a82a2a-c494-4f14-bec0-2bcb33b5c533,E.I. DU PONT DE NEMOURS AND COMPANY
99b27958-5274-4288-9c63-efe52815fb75,KNAUF INSULATION SPRL
99e7c805-e4f5-4328-8486-c799383c6640,SWIMC LLC
9bcbd6bc-2e70-4a70-be62-c036eb5915d8,"MEDIPACS, INC."
9c1ff8bc-4516-42cc-8c52-bd100f68f2ac,"ASYMCHEM LABORATORIES (TIANJIN) CO., LTD."
9cb06b5f-c4b9-4a04-984d-8fd8d90c1526,THE QUEEN'S UNIVERSITY OF BELFAST
9ec00d73-7763-49f2-bbc6-277a0288371b,B.R.A.I.N. Biotechnology Research and Information Network AG
a19c926f-cbe0-49cb-b208-3093b87853e7,"Magna Mirrors of America, Inc."
a1d7a6e7-e246-48b1-bb47-01becc9cbf43,CONSEJO NACIONAL DE INVESTIGACIONES CIENTÍFICAS Y TÉCNICAS (CONICET)
a21f77b6-b082-4bc6-82cf-2f784d75d488,EVOGENE LTD.
a45783ae-9cec-49bc-bc2e-7b064aaa5907,Raytheon Company
a559efa2-06e6-4dcd-8137-fc09a24dbb4e,"MITSUI CHEMICALS, INC."
a56281a8-1c41-4480-b26a-6ed955d79aa2,Faraday & Future Inc.
a637a1ae-00dc-4fdd-9d39-256389094e27,"ISHIDA CO., LTD."
a72a0b17-258c-4af4-9876-d45d4182c9cb,"LITRON LABORATORIES, LTD."
a81f90ea-a4a9-40e9-8978-466148b6c116,"SEKISUI CHEMICAL CO., LTD."
a8a1556f-5686-4632-bbcd-097dad687c6d,ROLAND DG CORPORATION
a8f981e4-395b-49e6-9c4d-391411bb6b67,KANEKA CORPORATION
a8fd3500-dbf0-4445-a810-ea9a275afdbd,"TORAY INDUSTRIES, INC."
a8ff5b01-5396-4174-bd3b-0245cf192b9b,"The United States of America, as represented by the Secretary of the Navy"
a93f3703-1f70-464a-8657-23debcb00bf4,"MOLECULAR REBAR DESIGN, LLC"
a9fb0e97-631f-47e1-97a2-4d1dc139e34f,TAKATA CORPORATION
aa877a06-8815-498a-9fbd-a56a0199cce0,HADASIT MEDICAL RESEARCH SERVICES AND DEVELOPMENT LTD.
aacb4343-7f79-49ed-b545-6adfc3f39c2e,SAFRAN LANDING SYSTEMS UK LTD.
ab0e7b33-de4e-41f8-a553-ee4665499a2d,Hexcel Corporation
ab16fe16-98b3-4d1c-9f4b-73980a1d118c,LOCKHEED MARTIN CORPORATION
ab63516f-63bd-4d65-a440-0683deb6223a,NIFCO INC.
abc42262-d181-4fc9-a08b-bb4e675b2ebe,APOGENIX AG
abcbd384-f467-440e-9187-b2162660670b,HENKEL AG & CO. KGAA
ac853623-5a99-45be-94e6-c4915fa768f4,"Shin-Etsu Chemical Co., Ltd."
acb86cf3-edca-4f76-b2b8-986aa17921c2,Protalix Ltd.
acbf564f-9c6c-42a5-ab44-802234d61e77,Huf Hülsbeck & Fürst GmbH & Co. KG
ad792ebb-0032-4c12-bab4-6bfa8f84fd6c,GlaxoSmithKline Intellectual Property Development Limited
ad7af80f-fd53-482d-b38a-fc23e03332b4,DAEGU GYEONGBUK INSTITUTE OF SCIENCE AND TECHNOLOGY
ae5adee3-5a3e-4fe5-a222-5bc265c2666a,"Katholieke Universiteit Leuven, K.U. Leuven R&D"
aed52f28-fd48-44e3-beb6-177540d662d9,"Lawrence Livermore National Security, LLC"
af531edf-ea9a-482d-8487-c9000a04e914,Hummingbird Diagnostics GmbH
af5c1081-2d5b-4ea8-8675-beb0164749e7,"NUCORION PHARMACEUTICALS, INC."
af9aa769-6be5-43e1-af1b-175fd560d649,Palo Alto Research Center Incorporated
afe57124-9a3d-416f-a5d7-bc566532552d,"TETRA Technologies, Inc."
aff59855-e1cd-4810-b136-18c3a1a847bd,NITTO DENKO CORPORATION
affc2208-5f2a-4cd6-af73-3494714621a8,Yeda Research and Development Co. Ltd.
b02cbf00-9362-48b9-ab48-b6aa7d1dce0a,"SUMITOMO SEIKA CHEMICALS CO, LTD."
b11bc136-5690-4c51-873f-cb43246f3ab8,Lummus Novolen Technology GmbH
b153659d-bd6c-4cfd-8241-d22de6410750,KAUTEX TEXTRON GmbH & Co. KG
b22caf70-0067-44a0-8f39-3fa0a0d85e82,"MARKFORGED, INC"
b23756fb-7ef6-42eb-b878-2c9148f97831,"Beijing Stomatology Hospital, Capital Medical University"
b292ff06-e9d3-4b36-85c2-6ddb30460c52,Reichhold LLC 2
b34f726f-c6f5-4e9c-b39b-3be08fd1e36a,Akzo Nobel Chemicals International B.V
b354988b-6671-409f-a03a-179009ca49d2,"Genentech, Inc."
b3e4bd70-b057-4575-aaaf-e665803cde2a,HOFFMANN-LA ROCHE INC.
b4e511ed-31bf-4530-a7ca-42a8114fd7d7,"Prognosys Biosciences, Inc."
b4ec4fdd-ad18-4e9c-b28c-a5ff1b10959e,Brunswick Corporation
b504f077-387c-440a-bfb4-00e45b59f209,"First Light Biosciences, Inc."
b52696d2-cb54-4ccf-9320-a04786fe252e,ANGUS CHEMICAL COMPANY
b527909c-4c06-4196-a8f5-3d0c3301fb69,Schaft Inc.
b5aa943e-82cf-4c37-9825-6fc0c0d8ab49,AMGEN RESEARCH (MUNICH) GMBH
b5ac98b7-7d2d-4a11-88f2-7dbae02fd5b9,"UBE INDUSTRIES, LTD."
b61e22a3-4786-4308-aa49-7cbde59501c9,"SHIONOGI & CO., LTD."
b706eeed-11d8-4366-b3a5-22f8b3857333,GRACO INC.
b732b2a1-190c-44ba-b24c-685ff9e4ef90,ILLINOIS TOOL WORKS INC.
b7b2eabd-0875-449f-b04c-82b6b5bf6d81,University of South Florida
b80d0535-a7dc-457b-a28a-f3381ed48ea5,"PRECISION GENOME ENGINEERING, INC."
b84319ea-3eb9-4374-bfc2-a8445d679e8b,EVONIK DEGUSSA GMBH
b8dfc333-ed0c-4e66-9923-4f2f6ba7a38a,OMYA INTERNATIONAL AG
b904f566-62d6-44a5-8689-7b5c5a3a1a19,General Electric Company
b94e5b04-59ec-4ba1-b0bf-39ad49e3428b,HYUNDAI TRANSLEAD
b976c8af-ba58-4e9f-b4a5-3e1377e685b3,QIMAROX PATENTEN B.V.
bb7a562d-81d6-440b-be21-36aab9c0f5e4,VIB VZW
bbcaaa08-a2c9-4fa2-bd00-d1f88f67c869,
bbef70eb-0952-4b89-997a-54831dcadcd5,REYDEL AUTOMOTIVE B.V.
bcb5216e-a621-4c83-b12a-355d7ad3d3a8,"PACIFIC BIOSCIENCES OF CALIFORNIA, INC."
bd07bae1-0654-4ee9-9519-b109499f1898,Wacker Nueson Production Americas LLC
bd1dc09e-e55d-4d1b-a297-f511767d5be6,MINETEC S.A.
bd60fdad-58a6-4477-a109-dc81b3297854,"IDEMITSU KOSAN CO., LTD."
bd7178d1-7337-4396-8e76-b53871bb6083,WACKER CHEMIE AG
bdc353b5-11b6-46a0-9bc8-b531f9ddcc96,DRK BLUTSPENDEDIENST BADEN-WÜRTTEMBERG-HESSEN GGMBH
bec81223-c3d2-4a58-a405-a45962f42ad3,"SK Innovation Co., Ltd."
bf36fee7-53f9-4caf-9d3a-92abb4f2c04d,"UNIMATEC CO., LTD."
bfa3f832-81c5-41b3-9e04-cc80ac33ff87,Obschestvo s ogranichennoi otvetstvenostju “Mistral Alko”
c0adabe1-c840-4877-91bd-ebe690dff937,"LION IDEMITSU COMPOSITES CO., LTD."
c13d7573-c5e5-4622-8a6f-dc727383c685,"KYUSHU UNIVERSITY, NATIONAL UNIVERSITY CORPORATION"
c21ecc25-b33d-4f2b-8382-c382d3b5d393,Institut National De La Sante Et De La Recherche Medicale (Inserm)
c30048ca-fc39-4cf6-925b-3c418ae85d5d,Sloan-Kettering Institute for Cancer Research
c3a5cc28-8840-4deb-8a32-342a07fea443,Immatics Biotechnologies GmbH
c437739f-5caf-410e-98ee-a05aeade9249,Origenis GMBH
c48f1e01-dd3b-4e68-bc26-fa4a8c2c7c1a,Ardagh MP Group Netherlands B.V.
c51bb3a2-f656-4229-9294-3320111781d5,
c5602ed1-50d4-4ebd-87b5-150e0997b172,"Direct Pack, Inc."
c6257a2e-f03b-4895-aebc-004d2414da97,UCB BIOPHARMA SRL
c71fa1eb-230f-4410-a8ce-868bf70d0b13,United States of America as represented by the Secretary of the Air Force
c7333c05-4c8c-4662-b547-6ff763f3957c,Arlanxeo Deutschland GmbH
c747b907-4e2b-4723-bcd2-b6958616ab8a,DANFOSS A/S
c7c7681d-1d55-4cb0-8171-2bbe9f4b237c,"BIONANO GENOMICS, INC."
c7fdbc77-28f0-4a1c-9f08-c13171f1009c,LS MTRON LTD.
c852a47e-f542-4c47-acd0-0020449e171f,BIOGENOMICS LIMITED
c8a498ac-c7d3-48db-9311-deb264fa309c,"Knauf Insulation, Inc."
c8e7fb2c-9f2a-40fb-bc49-ee60e8c5b672,HOFFMANN NEOPAC AG
c909cb45-8f99-4ef2-8cbd-f57bcbbcd3f4,"The United States of America as Represented by the Secretary, Dept. of Health and Human Services"
c9304d60-0b6d-46d3-a7b2-50ee84137bee,"Toyo Kohan Co., Ltd."
c9fee267-67c6-4e14-9225-e5c3ac4478d6,"Lotte Advanced Materials Co., Ltd."
ca3ac0a6-f44b-45c7-8816-bc2b1d409e84,The United States of America as represented by the Administrator of NASA
ca3eedcb-292b-495c-8f04-81e3aa3b4a78,Catalytic Distillation Technologies
cb3d31d3-669f-4e6c-a788-30886ebf205e,THE UNIVERSITY OF AKRON
cb3e4fb0-80fb-4110-8684-4b563c54eee5,"Furuno Electric Co., Ltd."
cb5367eb-ebac-459a-b013-d92860572522,"Nissan Motor Co., Ltd."
cb611b09-7b38-4e94-bbe5-e2abf0385bd3,CORNING INCORPORATED
cb679c87-4fbf-4b54-8498-c6710a0997b6,Dow Silicones Corporation
ccd8d314-8428-4369-a07a-f303224a173a,The Board of Trustees of the Leland Stanford Junior University
cce4e43c-b399-4555-9e34-908d78d906ef,"DAIKIN INDUSTRIES, LTD."
cd318cdf-5adf-4eea-9308-d0b60f520ab9,Application Solutions (Electronics and Vision) Ltd.
cd53d80c-584e-47c9-a2a4-c1d62c2621aa,PURDUE PHARMA L.P.
cddd882c-57d5-4ae4-82c7-16dbdfa52de8,"ASYMCHEM LABORATORIES (FUXIN) CO., LTD."
ce0361d0-ee07-49b9-8ed0-236bd6210f06,"INTREXON CEU, INC."
ce74c071-8b39-4153-83bb-1bd917309b45,ChromaDex Inc.
cec8a273-a770-4b2a-8b8f-e33f9f79d912,UNIVERSITY OF WASHINGTON THROUGH ITS CENTER FOR COMMERCIALIZATION
cefc56ec-e231-4f5e-b58d-9bef83c4bcfc,"Kineta Viral Hemorrhagic Fever, LLC"
cefc8d48-d0db-49b8-b8fc-0c8f3d704312,Thomas Swan & Co. LTD.
cf41762e-9d22-44d1-a528-0fd8a53c5dbc,BOSTIK SA
cfbe3073-5fb8-4a64-95d8-ced1a2e1188f,"AMIRA PHARMACEUTICALS, INC."
d00b8c7a-e5cb-4db6-b59e-540072232616,"CuRNA, Inc."
d0fae399-ca75-40ad-8d3d-c2fadfae99f7,Cabot Corporation
d1097181-f21f-4cfa-995a-7f16d587ea4a,"Hewlett-Packard Development Company, L.P."
d159e322-a274-46e4-b162-9e29eddb0d09,"Goss International Americas, Inc."
d1622868-c5e5-4701-8c28-39f526aeffd7,SUNTORY HOLDINGS LIMITED
d17dd399-4d91-407f-b686-459438d5db37,REFEL S.p.A.
d19f7315-26c5-4e86-b5e3-9be7bbfa1261,Encore Wire Corporation
d2b761c9-4544-4f94-8cbd-982481069e4a,CHIMEI CORPORATION
d2d37e3d-a1f6-4c1f-bcf3-194e88d29eaf,KOENIG & BAUER AG
d39f8780-9fe5-4793-8ee2-47ea78a6827f,S.P.C.M. SA
d3c8a4a8-2c30-467e-ac35-41bdff21b4b8,"Agri-Cover, Inc."
d3e4929a-52cd-469b-b4fc-a9ba164d74ab,STC.UNM
d4286989-7501-4e2c-9d01-bfab4107b3fc,Eastman Chemical Company
d433d76d-e698-4711-aaad-63e1aebfb729,Chevron Phillips Chemical Company LP
d46b77b1-bec7-4519-a9ac-5372d1d8a184,"EQT IP Ventures, LLC"
d529987e-1cd9-4a30-ae1a-284ec1d6bfad,Polymer Solutions International Inc.
d59f81fb-3f39-41ab-8fa6-028af37702c3,SAINT-GOBAIN ISOVER
d5c16d3b-fe6d-438f-a46a-eed9d9a6b3b1,"The Kansai Electric Power Co., Inc."
d5ebeb23-9831-4c6b-9c34-0fb2395cc1a8,"CHENGDU HUACHUANG BIOTECHNOLOGY CO., LTD"
d5f2b1cd-9974-4de9-b76a-b5bf8b46c5e6,Whirlpool Corporation
d644dd23-fb50-4779-9e83-304247bb3ebc,"HEALTH RESEARCH, INC."
d67a2671-7ba2-4525-a2b4-c52e054ace9a,HAMILTON SUNDSTRAND CORPORATION
d67c4a57-5e32-4946-94fc-731c81f6f074,"ASYMCHEM LIFE SCIENCE (TIANJIN) CO., LTD."
d6f138ea-5fbc-4de0-b58f-9080a787105f,BASF SE
d741637e-71a6-4101-a7db-0c2ba20a2958,The Boeing Company
d78de1dd-210b-4044-b82f-0b9079527a17,"EPIGEN Biosciences, Inc."
d79a06a7-fbdc-4bbe-b42b-acf5f1c90544,SOLVAY SPECIALTY POLYMERS ITALY S.P.A.
d7f6b50e-a742-42c8-9517-4aeb06df3568,"Multi-Plastics, Inc."
d8828bf1-d252-48eb-a3c6-407584bac108,Novo Nordisk A/S
d95cf81a-2270-41a7-ba3b-8cbc3f8be0cf,RENOLIT GOR S.P.A.
da440cd3-9809-44c0-9f9e-da39625672e0,"Remediation Products, Inc."
da679ce6-cd5e-49ae-bb53-2690e30de4ef,HP SCITEX LTD.
dae969ca-adf7-4da5-b74e-bd7f282a5e40,KES Keschwari Electronic Systems GmbH & Co. KG
db486af5-960d-4fc8-ad72-e5afc4674bba,"Regeneron Pharmaceuticals, Inc."
db8db963-cc59-44ec-b4b4-0b6fc768d731,Kancera AB
dbaeafee-078a-43e7-9af4-47a39bb94118,FLSmidth A/S
dc178941-f35e-430d-968a-68bf72a27607,"KIDS II, INC."
dc2459c5-bc00-4dca-9652-5f42145f7295,"I-SENS, INC."
dc682f86-9ead-4f8b-8028-83dfbf117a4b,INFINEUM INTERNATIONAL LIMITED
dd402f86-45f1-4eb4-9298-8074d3a0c434,thyssenkrupp AG
de395345-1ff2-45f5-8be1-90ef35ade92e,"BBHC CO., LTD."
df177dc9-2bab-4962-a377-7bc58538742c,"PIONEER HI-BRED INTERNATIONAL, INC."
e00b66ac-406f-4265-b055-7c896e835636,"Cerion, LLC"
e0f1ff12-ec1b-436b-8bf9-e723858e8a6a,"JIANGSU VCARE PHARMATECH CO., LTD."
e1184f58-2abf-4514-bc41-abe687741480,SHIROKI CORPORATION
e156422f-83a9-4a84-bf1c-12ca5c073716,MUSC Foundation for Research Development
e3275ff7-65e8-4f76-bd4d-db7033d48bdb,The United States of America as represented by the Administrator of the National Aeronautics and Space Administration
e3c68e78-2ab8-4222-922c-6d0dbf44971b,"ReveraGen BioPharma, Inc."
e4d9f323-acf9-4a0b-adbc-81c1c2f2e6ab,Council of Scientific and Industrial Research
e52fc61a-feee-43ab-a512-472488bdd45b,Blueavacado. Co.
e5525ef5-e05a-4eb8-8947-d38322da6fd4,BRØDRENE HARTMANN A/S
e67f7f78-5605-40c9-b647-c281533367cd,VERNALIS (R&D) LTD
e6c47bb5-1ef6-4293-b853-afad0b4e8a13,GOODRICH CORPORATION
e72c4784-e8dc-4eb7-8763-61c70aee532f,Teknologian tutkimuskeskus VTT Oy
e738f13e-85d9-4790-a3a5-f56afc3b6fc1,CANON FINETECH NISCA INC.
e7dc6a46-5a07-45ec-87b6-8a113ab02e99,Cummins Inc.
e7e4d72b-6af5-4560-9108-0d3da98cfdf2,"IMMUNOGEN, INC."
e8b67fe0-3270-4226-bfe1-37520a8b1ffa,Jaguar Land Rover Limited
e91db8fa-22d4-4567-834d-4b510b39c43f,Biocon Limited
e95c4659-e889-45db-9621-e63e8eb53418,YARA INTERNATIONAL ASA
ea543a19-e0f2-49d2-a07a-31979f6350e0,Promega Corporation
ea96c059-5267-4b52-ac70-4cd0915c519e,Hyundai Motor Company
ea9b3e84-48ba-47ec-8903-1e151eab97c6,Merck Patent GmbH
eb3809fe-ff91-49b9-870b-07327f392dde,ZOETIS CANADA INC.
ed9722a5-c905-4ae9-9210-08a542017582,DIC CORPORATION
ee08c552-6dd6-4228-9f5c-e7c3b634103b,"Alexion Pharmaceuticals, Inc."
ee19b405-e8a2-4bfe-8aa1-9f8fe50d3be7,"Amazon Technologies, Inc."
eee84928-75b7-4396-8fad-0a50f9f4bf7a,Heidelberger Druckmaschinen AG
eef68cc9-5c36-4203-9968-97cd715613d5,FIRMENICH SA
f03635c8-6b6c-4f2b-bb6c-b52678f56aae,QUALCOMM Incorporated
f0be634a-e05d-473c-85a4-d92cc977cd76,"NIPPON PAPER INDUSTRIES, CO., LTD."
f0d69823-17b7-4154-a98a-7ff25c89592b,JTEKT CORPORATION
f12f369b-d875-4370-bed6-6e41b29f2c93,Akzo Nobel Coatings International B.V.
f275daca-6287-4d02-8166-797b6827eaa1,"AJINOMOTO CO., INC."
f2a26395-4a60-481e-8ba1-d8e39714ae3b,"Zoox, Inc."
f2d1479b-0745-4dc6-be27-134e1b3e11b8,New Wave Industries
f324b245-d9ee-4285-bd81-177d87354b40,"Dana-Farber Cancer Institute, Inc."
f3efecc4-71b7-48d1-aeea-bd7537db2c7a,Ligand Pharmaceuticals Incorporated
f404c0b7-7071-4755-80ee-557500c58378,ROTZINGER AG
f42b3ee0-57d2-4044-8b94-bbd100823922,THE UNIVERSITY OF CONNECTICUT
f4534d68-58ee-4607-947c-d8b77375e377,TUBITAK
f51e537f-a4eb-45c5-b179-44ce918d4e16,"Wall Global, LLC."
f579a840-488f-43a8-8e23-03262d5e0b2a,"SEEO, INC."
f59e43f2-7044-4977-a926-6b8a690d8c86,University of Pittsburgh—Of the Commonwealth System of Higher Education
f5dca248-b118-40a4-b4a0-01c10683c337,"TOKUYAMA SEKISUI CO., LTD."
f61fe707-a96f-4a90-9f8a-edbafb71b7d3,"US Concrete, Inc."
f67f7503-8d29-45d4-898b-1aa15d14a5f3,Ohio University
f68061b9-5827-43c8-8f62-33cae08b6d16,Siemens Aktiengesellschaft
f6c7988b-2a2d-4e38-98e7-e00ac589a5d0,"MRV Systems, LLC"
f6ee5c34-7435-435b-b33c-03a2eb2269e7,University of Washington
f71b5728-698a-4f20-8a7a-a2e7413ef123,BASE4 INNOVATION LTD
f8408e94-960d-4f83-827e-deaa1d63d9d6,A.R.E. ACCESSORIES LLC
f8a675d6-b165-4331-b7b4-0d5d520ee462,"Yamada Manufacturing Co., Ltd."
f94290bc-7c0d-49af-9797-828af77eb9c7,GM GLOBAL TECHNOLOGY OPERATIONS LLC
f9e8335f-9ea6-40f6-8fa6-55a706cccc6a,"DAIHACHI CHEMICAL INDUSTRY CO., LTD."
fad804ce-646a-4c2b-96a5-eea7d3bf5038,NATIONAL UNIVERSITY CORPORATION KUMAMOTO UNIVERSITY;
fafef382-7ea1-478a-bbb1-dece22befe29,"S. C. JOHNSON & SON, INC."
fb3292e6-a6fc-48ad-b6b6-5f277bd659ba,YISSUM RESEARCH DEVELOPMENT COMPANY OF THE HEBREW UNIVERSITY OF JERUSALEM LTD
fc8ce78e-89bd-46f9-a1be-876874b1ecef,Virginia Commonwealth University
fd3b4ed9-fb12-4866-9885-282c43154b89,"LG Chem, Ltd."
fd3d8d73-9f4e-4eaf-98c3-138894dd384f,TAIFIN GLASS MACHINERY OY
fdd981ca-ed85-479a-aa09-db8939739837,Fondazione Telethon
fdf798cb-8fb8-419f-b141-e7fde1150ac1,"SUMITOMO WIRING SYSTEMS, LTD."
ff62b737-9474-45de-a609-b18f9aed1be3,CAMBRIDGE ENTERPRISE LIMITED
ff6a0dd6-ce8a-40db-91a8-6e93655b3a73,AIRBUS OPERATIONS LIMITED
